driverId,name,ssn,location,certified,wage-plan
10,Joe Roberts,014-44-8529,"93243 Myers Loop Suite 764
Kevinton, FL 10060",N,hours
11,Kathleen Williams,494-24-8022,"05520 Gibson Ports Apt. 431
Timothyview, DE 64389",Y,miles
12,Norman Clarke,153-30-3816,"357 Shea Keys
South Jamie, LA 96639",N,miles
13,Leslie Bailey,641-64-1210,"7887 Micheal Plaza Apt. 963
East Erinmouth, DE 19061",Y,miles
14,Richard Kerr,102-40-2474,"373 Joseph Corner
Laurenbury, NJ 24575",Y,hours
15,Holly Gonzalez,328-99-2018,"18446 Brewer Pike Suite 510
Kelleytown, CO 98179",Y,hours
16,Christopher Lawrence,495-45-0996,"4934 Obrien Village
Fischerside, IL 49930",Y,hours
17,Brian Gutierrez PhD,541-99-4392,"USNS Garcia
FPO AA 62362",Y,hours
18,Suzanne Robinson,082-35-1916,"680 Walker Fork Apt. 746
New Terrance, AR 93197",N,hours
19,Lindsay Snyder,152-57-7533,"USS Graves
FPO AE 19581",N,hours
20,James Myers,427-37-2885,"7338 Griffin Ville Suite 544
Parkerborough, WI 27293",N,miles
21,Robert Smith,651-57-8366,"5413 Michael Forks Suite 075
Courtneyton, RI 99326",N,miles
22,Anthony Sutton,849-58-1491,"PSC 7496, Box 1042
APO AP 93233",Y,hours
23,Carlos Schmitt,067-71-6219,"9263 Potter Causeway
South Danielfort, OR 68028",N,miles
24,Kimberly Patel,288-34-7139,"4658 Meyer Junction Apt. 899
Brownhaven, WV 41661",Y,hours
25,Ricky Ray,627-08-4378,"94506 Johnson Camp
Port Ashleechester, TX 83937",N,miles
26,George Hodge,622-04-8073,"73452 Robert Harbor
East Angelburgh, KS 94776",N,miles
27,Lindsay Werner,238-87-8460,"34342 Nathaniel River
Arthurmouth, AL 31629",Y,miles
28,Pamela Moss,845-62-4183,"PSC 0827, Box 6864
APO AE 37834",N,miles
29,James Brown Jr.,242-19-5081,"5863 Janet Dam Apt. 639
Kimberlyside, NC 95248",Y,hours
30,Danielle Munoz,586-89-4127,"717 Lopez Loaf
Rhondamouth, AL 73482",Y,hours
31,Jeremy Daniel,200-73-2295,"67347 King Locks Suite 512
Stuartchester, TX 29363",N,hours
32,Holly Adams,741-62-2646,"62089 Smith Avenue
New Deannatown, IA 32158",Y,miles
33,Adrian Smith,787-48-0639,"294 Sarah Keys Apt. 091
Warrenhaven, DE 12784",N,miles
34,Jose Weber,381-13-0228,"662 Christian Brooks Suite 718
Darrenfort, PR 99675",Y,hours
35,Mia Sheppard,064-47-9108,"039 Bell Ports Apt. 419
East Jonathan, IL 87124",N,miles
36,Arthur Ward,147-84-8596,"686 Reyes Valleys Suite 456
Marychester, RI 11917",N,hours
37,Tiffany Taylor,068-41-7454,"3914 Rivera Locks
West Tracey, SD 51359",N,hours
38,Bryan Brown,459-83-8053,"Unit 0693 Box 8692
DPO AA 02355",Y,hours
39,Susan Bennett,175-61-7018,"44186 Grace Fords
West Jefferybury, RI 51034",N,hours
40,Tonya Dillon,765-85-4175,"380 Julie Bypass
Dayton, KY 17190",Y,hours
41,Wendy Lawrence,270-18-9491,"098 Riggs Dale Suite 477
Derekburgh, KY 15477",Y,miles
42,David Miller,746-64-9328,"550 Shane Pass
Lake Lucasport, SD 25667",Y,miles
43,Sean Johnson,254-29-1446,"84047 George Loop
New Kimberly, IN 60051",N,hours
44,Caroline Rogers,865-84-7614,"6774 Leonard Views
Port Michael, ND 40854",Y,miles
45,Matthew Walsh,513-41-0855,"1836 Marcia Curve Suite 069
Williamsmouth, TN 96990",N,miles
46,James Rhodes,577-79-6743,"USS Frey
FPO AP 65878",Y,miles
47,Shannon Martin,495-62-4270,"USCGC Mcclure
FPO AE 87200",N,miles
48,Mary Austin,813-87-4070,"11982 Alexander Center
West Derek, KS 49475",N,miles
49,Jacob Nguyen,335-96-3048,"79042 Janet Field Suite 236
North Jessica, IA 83410",Y,hours
50,Keith Nelson,257-88-3170,"Unit 0230 Box 4143
DPO AP 43040",Y,hours
51,Jake Burns,549-52-7105,"7220 Thompson Center Suite 223
Lake Christopher, NC 87350",N,hours
52,Beth Roberts,350-94-8044,"67575 Reilly Junctions
Port Brian, ME 00904",N,hours
53,Holly Jones,056-28-9476,"260 Livingston Valley
West Ashley, FL 02285",Y,miles
54,George Orozco,155-95-8767,"624 Ann River
Nicoleshire, UT 57987",N,miles
55,Richard Rodriguez,193-36-4035,"870 Tammy Roads
West Tammy, DE 22215",N,hours
56,Ethan Jones,253-41-3321,"41767 Samuel Ports
South Christie, PW 62976",N,miles
57,Lisa Greene,381-76-6677,"7330 Derek Loaf Suite 572
West Brian, FM 88206",N,hours
58,Michele Foster,291-90-5332,"188 White Dam Suite 678
Burnsfort, FL 62457",N,miles
59,Deborah Fowler,675-81-2484,"5498 Carter Stream
Port Alexanderstad, VT 42371",Y,hours
60,Mr. Maxwell Williams,282-02-0866,"631 Hansen Ramp
South William, MO 80548",N,hours
61,Robert Greene,426-75-9318,"25154 Ian Lakes Apt. 972
Lisaton, PA 10951",Y,hours
62,Ebony Rosario,528-56-2468,"452 Peters Viaduct Suite 562
Moralestown, HI 89687",N,miles
63,Tyler Banks,135-94-2851,"981 Samantha Trafficway Apt. 054
New Ian, WI 91105",N,miles
64,Matthew Black,404-87-3391,"479 Corey Pines Apt. 245
North Marcbury, MS 20798",N,hours
65,Samuel Thompson,009-35-5222,"0743 Payne Lights
New Ashley, PR 82735",N,hours
66,Edward Johnson,082-28-5078,"63783 Martin Greens
Port Justintown, NM 47768",Y,hours
67,David Snyder,671-55-2663,"75063 Bell Groves
Miashire, DE 55524",Y,miles
68,Tammy Smith,175-64-4649,"6783 Meghan Lights
Lake Andrewfurt, AZ 31937",N,miles
69,David Chavez,094-85-0465,"52178 Wiley Knoll Apt. 162
Smithfurt, NE 60574",Y,miles
70,Brenda Martin,183-54-1628,"6395 Rebecca Key Suite 523
Crawfordstad, CO 57246",N,miles
71,Lisa Wright,621-82-2657,"80697 Kramer Forges
East Edgarton, HI 96805",N,miles
72,Dr. Bryan Franklin,178-95-2690,"579 Harper Glen
New Elizabethburgh, AS 06177",Y,miles
73,David Meyer,491-91-0458,"USCGC English
FPO AE 46839",Y,miles
74,Debra Rojas,592-39-7432,"60532 Dakota Point Suite 206
New Jane, NH 65343",Y,miles
75,Kristin Burnett,024-55-6014,"73454 Justin Rapids
Markland, UT 40793",N,miles
76,Victoria Rogers,672-89-9607,"95494 Jason Flats Apt. 945
Christinamouth, GU 75434",N,miles
77,Nicholas Sanders,245-96-1344,"839 Kristen Summit
East Patrick, GU 75207",N,miles
78,Stephen Mathis,724-17-4052,"52345 Rogers Pine
Port Haroldport, KY 88354",Y,miles
79,Steven Ray,245-22-3596,"810 Graham Isle Apt. 743
South Brandy, NE 90661",Y,miles
80,Matthew Lyons,169-96-8608,"297 John Loaf Suite 307
Weaverbury, ND 26844",N,miles
81,Jamie Reed,158-25-2103,"737 Jessica Roads Apt. 358
Lake Edward, MT 28174",N,miles
82,Jennifer Rosario,104-18-1531,"1148 Brenda Cove
Gilbertview, VI 91820",N,hours
83,Patrick Smith,899-18-8664,"4073 Antonio Throughway Apt. 536
Port Scott, AK 77903",N,miles
84,Craig Kelley,116-58-0767,"7878 Murphy Curve Suite 234
Crawfordstad, NY 31333",Y,miles
85,Austin Nguyen,610-24-7832,"74692 Chapman Pines
South Janetside, MP 04065",Y,miles
86,Renee Austin,466-43-4579,"917 James Landing
West Justin, NJ 01729",Y,miles
87,Michael Jackson,318-32-9466,"3056 Watson Creek
South Jennafort, VI 47523",Y,hours
88,Patrick Key,263-40-7472,"880 Espinoza Path
Mikaylaberg, MI 43125",N,hours
89,Lisa Pham,745-33-3014,"98826 Wiley Path
Port Ana, FL 68007",N,hours
90,Janice Dixon,702-30-8761,"621 Todd Pass
West Terry, UT 60467",N,hours
91,Matthew Rodriguez DDS,362-68-3515,"611 Dawson Mountain
Churchburgh, PR 08658",N,miles
92,Derrick Martin,696-79-4446,"286 Amanda Bridge
Millerside, IL 69866",Y,miles
93,Thomas Lopez,651-51-4329,"893 Gross Field Apt. 704
North Michael, ME 93828",Y,hours
94,Vincent Oneill,091-19-1661,"8617 Cheryl Island Suite 423
Kimberlyfurt, NY 08510",Y,hours
95,Teresa Williams,263-27-5338,"6213 Steven Way
North Johnfurt, CO 74008",N,hours
96,Jacob Dennis,458-22-2583,"059 Randy Well Suite 232
Andersonchester, WV 40934",N,hours
97,Ronnie West,658-37-3569,"3055 Eric Glens
Donaldberg, SC 99217",Y,miles
98,Jeff Evans,195-21-5772,"364 Carpenter Station Apt. 300
Williamsmouth, TN 75622",Y,miles
99,Todd Patterson,110-51-8076,"29003 Bryan Loop Suite 587
Lake Spencer, MT 09832",N,hours
100,Brian English,260-18-0001,"Unit 5273 Box 2968
DPO AP 25501",Y,hours
101,Stacy Cole,702-43-2384,"94347 Patrick Fort Apt. 374
Michellefort, OR 43826",Y,hours
102,Mark Romero,892-72-7427,"386 Johnson Roads Apt. 924
Port Allison, AR 10316",Y,miles
103,Noah Friedman,496-65-0861,"58130 Jesse Mountain Suite 785
Port Waynechester, IL 28469",Y,miles
104,Charles Davis,391-55-9883,"72397 Shelley Ports Suite 161
Briantown, FM 74666",N,miles
105,Scott Kim,707-42-1879,"895 Ball Isle Apt. 938
Oconnorside, WI 52426",Y,hours
106,Paul Williams,815-61-3654,"62605 Nathaniel Ville Suite 357
Lake Cindy, LA 62993",Y,hours
107,Gary Eaton,520-17-5143,"5906 Garcia Heights
Annfurt, IA 41979",N,miles
108,Travis Hill,755-16-9521,"9064 Michael Flats
Blackmouth, AK 42841",Y,miles
109,Rachel Bryant,506-83-7310,"USS Smith
FPO AP 80199",Y,miles
